{"cameraMode":{"drawMode":0,"name":"Shaded","section":"Shading Mode"},"sceneLighting":false,"audioPlay":false,"sceneViewState":{"showFog":true,"showMaterialUpdate":false,"showSkybox":false,"showFlares":true,"showImageEffects":true,"showParticleSystems":true},"in2DMode":false,"pivot":{"x":-1.7881393432617188e-7,"y":0.9562535285949707,"z":0.021572113037109376},"rotation":{"x":0.08699696511030197,"y":-0.6746845841407776,"z":0.0805070698261261,"w":0.7285650372505188},"size":5.767892360687256,"orthographic":false}